{"elements":{"nodes":[{"data":{"id":"1","title":"début","pic":"http://209.97.134.204/rpg/images/sprout.png","bkg":"","shape":"ellipse","content":""},"position":{"x":490,"y":187},"group":"nodes","removed":false,"selected":false,"selectable":true,"locked":false,"grabbable":true,"classes":""}]},"style":[{"selector":"node","style":{"width":"200px","height":"200px","shape":"data(shape)","background-fit":"cover","background-image":"data(pic)","background-color":"white","color":"white","text-valign":"center","text-halign":"center","font-size":"2.4em","text-wrap":"wrap","text-max-width":"170px","font-family":"\"Roboto\", Arial","text-background-shape":"roundrectangle","text-background-color":"black","text-background-opacity":"0.56","text-background-padding":"15px","text-border-opacity":"0.24","text-border-width":"5px","text-border-color":"black","text-border-style":"solid","text-outline-width":"3px","text-outline-color":"#ccc","transition-property":"width, height","transition-duration":"0.1s"}},{"selector":"edge","style":{"width":"10px","label":"data(label)","line-color":"#bbb","curve-style":"bezier","opacity":"1","target-arrow-shape":"triangle","source-arrow-shape":"circle","target-arrow-color":"#bbb"}},{"selector":".mouseon","style":{"label":"data(title)","width":"210px","height":"210px","shape":"data(shape)","background-fit":"cover","background-image":"data(pic)","background-color":"white","color":"white","text-valign":"center","text-halign":"center","font-size":"2.4em","text-wrap":"wrap","text-max-width":"170px","font-family":"\"Roboto\", Arial","text-background-shape":"roundrectangle","text-background-color":"black","text-background-opacity":"0.56","text-background-padding":"15px","text-border-opacity":"0.24","text-border-width":"5px","text-border-color":"black","text-border-style":"solid","text-outline-width":"3px","text-outline-color":"#ccc","transition-property":"width, height","transition-duration":"0.1s"}},{"selector":".hovered","style":{"label":"data(title)","width":"300px","height":"300px","shape":"data(shape)","background-fit":"cover","background-image":"data(pic)","background-color":"red","color":"white","text-valign":"center","text-halign":"center","font-size":"2.4em","text-wrap":"wrap","text-max-width":"170px","font-family":"\"Roboto\", Arial","text-background-shape":"roundrectangle","text-background-color":"black","text-background-opacity":"0.56","text-background-padding":"15px","text-border-opacity":"0.24","text-border-width":"5px","text-border-color":"black","text-border-style":"solid","text-outline-width":"3px","text-outline-color":"#ccc"}}],"zoomingEnabled":true,"userZoomingEnabled":true,"zoom":2,"minZoom":1e-50,"maxZoom":1e+50,"panningEnabled":true,"userPanningEnabled":true,"pan":{"x":-494.45544554455444,"y":-237.34653465346537},"boxSelectionEnabled":true,"renderer":{"name":"canvas"},"options":{"root":"","transition":"fade","duration":1500}}